Workbook

Sheet Data
A1: Year | B1: Products | C1: State | D1: Quantity | E1: Revenue | F1: Sales Channel
A2: 2022 | B2: Kettle | C2: Alabama | D2: 1829 | E2: 64872 | F2: Online
A3: 2022 | B3: Kettle | C3: Arizona | D3: 1354 | E3: 61216 | F3: In Store
A4: 2022 | B4: Kettle | C4: Arkansas | D4: 2565 | E4: 55909 | F4: Online
A5: 2022 | B5: Kettle | C5: California | D5: 17651 | E5: 48534 | F5: Online
A6: 2022 | B6: Kettle | C6: Colorado | D6: 3312 | E6: 97879 | F6: In Store
A7: 2022 | B7: Kettle | C7: Connecticut | D7: 467 | E7: 49142 | F7: In Store
A8: 2022 | B8: Kettle | C8: Delaware | D8: 186 | E8: 49290 | F8: Online
A9: 2022 | B9: Kettle | C9: Florida | D9: 5394 | E9: 43717 | F9: Online
A10: 2022 | B10: Kettle | C10: Georgia | D10: 2794 | E10: 51978 | F10: In Store
A11: 2022 | B11: Kettle | C11: Idaho | D11: 2531 | E11: 48820 | F11: In Store
A12: 2022 | B12: Kettle | C12: Illinois | D12: 2818 | E12: 58259 | F12: In Store
A13: 2022 | B13: Kettle | C13: Indiana | D13: 2302 | E13: 56732 | F13: In Store
... A2615: 2022 | B2615: Kettle | C2615: Missouri | D2615: 2123 | E2615: 52677 | F2615: Online

Sheet New Data
B4: Year | C4: Products | D4: State | E4: Quantity | F4: Revenue | G4: Sales Channel
B5: 2022 | C5: Microwave oven | D5: Nebraska | E5: 1988 | F5: 56566 | G5: In Store
B6: 2022 | C6: Microwave oven | D6: Nevada | E6: 2066 | F6: 63543 | G6: In Store
B7: 2022 | C7: Microwave oven | D7: New Hampshire | E7: 2032 | F7: 76722 | G7: Online
B8: 2022 | C8: Microwave oven | D8: New Jersey | E8: 8976 | F8: 85088 | G8: Online
B9: 2022 | C9: Microwave oven | D9: New Mexico | E9: 1768 | F9: 58139 | G9: In Store
B10: 2022 | C10: Microwave oven | D10: New York | E10: 16910 | F10: 72614 | G10: Online
B11: 2022 | C11: Microwave oven | D11: North Carolina | E11: 10219 | F11: 64827 | G11: In Store
B12: 2022 | C12: Microwave oven | D12: North Dakota | E12: 807 | F12: 58882 | G12: Online
B13: 2022 | C13: Microwave oven | D13: Ohio | E13: 15409 | F13: 66487 | G13: Online
B14: 2022 | C14: Microwave oven | D14: Oklahoma | E14: 4164 | F14: 63770 | G14: In Store
B15: 2022 | C15: Microwave oven | D15: Oregon | E15: 6240 | F15: 75641 | G15: In Store
B16: 2022 | C16: Microwave oven | D16: Pennsylvania | E16: 14407 | F16: 67561 | G16: Online
... B153: 2022 | C153: Kettle | D153: Missouri | E153: 2123 | F153: 51677 | G153: Online

Sheet Population
A1: State | B1: Population
A2: California | B2: 39557045
A3: Texas | B3: 28701845
A4: Florida | B4: 21670000
A5: New York | B5: 19542209
A6: Pennsylvania | B6: 12807060
A7: Illinois | B7: 12741080
A8: Ohio | B8: 11689442
A9: Georgia | B9: 10519475
A10: North Carolina | B10: 10383620
A11: Michigan | B11: 9995915
A12: New Jersey | B12: 8908520
A13: Virginia | B13: 8517685
... A49: Wyoming | B49: 577737

Sheet Analysis
D3: 4 | J3: 10
C4: YEARLY FILTER | F4: REVENUE ANALYSIS | I4: PRODUCTS FILTER | L4: REVENUE ANALYSIS | P4: REVENUE BY SALES STATES | U4: =Q5 -> Revenue | W4: TOP 10 STATES | AB4: TOTAL REVENUE | AI4: TOTAL TRANSACTION
C5: Year | D5: Selection | F5: Year | G5: Revenue | I5: Products | J5: Selection | L5: Products | M5: Revenue | N5: Selection | P5: State | Q5: Revenue | R5: Sold Qty | S5: =U6&" "& "Selected" -> Revenue Selected | U5: =R5 -> Sold Qty | W5: State | X5: Revenue | Y5: Max highlight | AB5: Revenue | AC5: Top-10 | AI5: Products | AJ5: Selection
C6: 2022 | D6: =C13 -> 2022 | F6: 2022 | G6: =SUMIFS(Data!E:E,Data!A:A,F6,Data!B:B,$J$6) -> 6632745 | I6: Kettle | J6: =I18 -> Teapot | L6: Blender | M6: =SUMIFS(Data!E:E,Data!A:A,$D$6,Data!B:B,L6) -> 4780144 | N6: =IF(L6=$J$6,M6,0) -> 0 | P6: Alabama | Q6: =SUMIFS(Data!E:E,Data!A:A,Analysis!$D$6,Data!B:B,Analysis!$J$6,Data!C:C,Analysis!P6) -> 110978 | R6: =SUMIFS(Data!D:D,Data!A:A,Analysis!$D$6,Data!B:B,Analysis!$J$6,Data!C:C,Analysis!P6) -> 29551 | S6: =IF($U$8=1,Q6,-R6) -> 110978 | U6: =IF(U8=1,U4,U5) -> Revenue | V6: 1 | W6: =INDEX($P$6:$P$53,MATCH(X6,$Q$6:$Q$53,0)) -> Texas | X6: =LARGE($Q$6:$Q$53,V6) -> 595137 | Y6: =IF(X6=MAX($X$6:$X$10),X6,0) -> 595137 | AB6: =SUM(Q6:Q53) -> 6632745 | AC6: =SUM(X6:X14) -> 1500648 | AI6: Kettle | AJ6: =COUNTIFS(Data!B:B,Analysis!AI6) -> 279
C7: 2021 | F7: 2021 | G7: =SUMIFS(Data!E:E,Data!A:A,F7,Data!B:B,$J$6) -> 5402852 | I7: Toaster | L7: Egg slicer | M7: =SUMIFS(Data!E:E,Data!A:A,$D$6,Data!B:B,L7) -> 5263921 | N7: =IF(L7=$J$6,M7,0) -> 0 | P7: Arizona | Q7: =SUMIFS(Data!E:E,Data!A:A,Analysis!$D$6,Data!B:B,Analysis!$J$6,Data!C:C,Analysis!P7) -> 120791 | R7: =SUMIFS(Data!D:D,Data!A:A,Analysis!$D$6,Data!B:B,Analysis!$J$6,Data!C:C,Analysis!P7) -> 40651 | S7: =IF($U$8=1,Q7,-R7) -> 120791 | V7: 2 | W7: =INDEX($P$6:$P$53,MATCH(X7,$Q$6:$Q$53,0)) -> California | X7: =LARGE($Q$6:$Q$53,V7) -> 366170 | Y7: =IF(X7=MAX($X$6:$X$10),X7,0) -> 0 | AI7: Toaster | AJ7: =COUNTIFS(Data!B:B,Analysis!AI7) -> 239
C8: 2020 | F8: 2020 | G8: =SUMIFS(Data!E:E,Data!A:A,F8,Data!B:B,$J$6) -> 2631262 | I8: Microwave oven | L8: Breadbox | M8: =SUMIFS(Data!E:E,Data!A:A,$D$6,Data!B:B,L8) -> 4609952 | N8: =IF(L8=$J$6,M8,0) -> 0 | P8: Arkansas | Q8: =SUMIFS(Data!E:E,Data!A:A,Analysis!$D$6,Data!B:B,Analysis!$J$6,Data!C:C,Analysis!P8) -> 103418 | R8: =SUMIFS(Data!D:D,Data!A:A,Analysis!$D$6,Data!B:B,Analysis!$J$6,Data!C:C,Analysis!P8) -> 31436 | S8: =IF($U$8=1,Q8,-R8) -> 103418 | U8: 1 | V8: 3 | W8: =INDEX($P$6:$P$53,MATCH(X8,$Q$6:$Q$53,0)) -> Maryland | X8: =LARGE($Q$6:$Q$53,V8) -> 193184 | Y8: =IF(X8=MAX($X$6:$X$10),X8,0) -> 0 | AB8: % Change | AC8: =AC6/AB6 -> 0.22624841 | AI8: Microwave oven | AJ8: =COUNTIFS(Data!B:B,Analysis!AI8) -> 240
C9: 2019 | F9: 2019 | G9: =SUMIFS(Data!E:E,Data!A:A,F9,Data!B:B,$J$6) -> 3322360 | I9: Dishwasher | L9: Kettle | M9: =SUMIFS(Data!E:E,Data!A:A,$D$6,Data!B:B,L9) -> 5278636 | N9: =IF(L9=$J$6,M9,0) -> 0 | P9: California | Q9: =SUMIFS(Data!E:E,Data!A:A,Analysis!$D$6,Data!B:B,Analysis!$J$6,Data!C:C,Analysis!P9) -> 366170 | R9: =SUMIFS(Data!D:D,Data!A:A,Analysis!$D$6,Data!B:B,Analysis!$J$6,Data!C:C,Analysis!P9) -> 1380655 | S9: =IF($U$8=1,Q9,-R9) -> 366170 | V9: 4 | W9: =INDEX($P$6:$P$53,MATCH(X9,$Q$6:$Q$53,0)) -> Maine | X9: =LARGE($Q$6:$Q$53,V9) -> 174820 | Y9: =IF(X9=MAX($X$6:$X$10),X9,0) -> 0 | AI9: Dishwasher | AJ9: =COUNTIFS(Data!B:B,Analysis!AI9) -> 240
I10: Blender | L10: Teapot | M10: =SUMIFS(Data!E:E,Data!A:A,$D$6,Data!B:B,L10) -> 6632745 | N10: =IF(L10=$J$6,M10,0) -> 6632745 | P10: Colorado | Q10: =SUMIFS(Data!E:E,Data!A:A,Analysis!$D$6,Data!B:B,Analysis!$J$6,Data!C:C,Analysis!P10) -> 118798 | R10: =SUMIFS(Data!D:D,Data!A:A,Analysis!$D$6,Data!B:B,Analysis!$J$6,Data!C:C,Analysis!P10) -> 45222 | S10: =IF($U$8=1,Q10,-R10) -> 118798 | V10: 5 | W10: =INDEX($P$6:$P$53,MATCH(X10,$Q$6:$Q$53,0)) -> Kentucky | X10: =LARGE($Q$6:$Q$53,V10) -> 171337 | Y10: =IF(X10=MAX($X$6:$X$10),X10,0) -> 0 | AI10: Blender | AJ10: =COUNTIFS(Data!B:B,Analysis!AI10) -> 218
F11: =VLOOKUP(D6,F6:G9,1,0) -> 2022 | G11: =INDEX(G6:G9,MATCH(F11,F6:F9,0)) -> 6632745 | I11: Breadbox | L11: Microwave oven | M11: =SUMIFS(Data!E:E,Data!A:A,$D$6,Data!B:B,L11) -> 3572538 | N11: =IF(L11=$J$6,M11,0) -> 0 | P11: Connecticut | Q11: =SUMIFS(Data!E:E,Data!A:A,Analysis!$D$6,Data!B:B,Analysis!$J$6,Data!C:C,Analysis!P11) -> 130634 | R11: =SUMIFS(Data!D:D,Data!A:A,Analysis!$D$6,Data!B:B,Analysis!$J$6,Data!C:C,Analysis!P11) -> 33442 | S11: =IF($U$8=1,Q11,-R11) -> 130634 | AI11: Breadbox | AJ11: =COUNTIFS(Data!B:B,Analysis!AI11) -> 211
C12: Selected | F12: Others | G12: =SUM(G6:G9)-G11 -> 11356474 | I12: Egg slicer | L12: Toaster | M12: =SUMIFS(Data!E:E,Data!A:A,$D$6,Data!B:B,L12) -> 3355051 | N12: =IF(L12=$J$6,M12,0) -> 0 | P12: Delaware | Q12: =SUMIFS(Data!E:E,Data!A:A,Analysis!$D$6,Data!B:B,Analysis!$J$6,Data!C:C,Analysis!P12) -> 124754 | R12: =SUMIFS(Data!D:D,Data!A:A,Analysis!$D$6,Data!B:B,Analysis!$J$6,Data!C:C,Analysis!P12) -> 10908 | S12: =IF($U$8=1,Q12,-R12) -> 124754 | AI12: Egg slicer | AJ12: =COUNTIFS(Data!B:B,Analysis!AI12) -> 273
C13: =INDEX(C6:C9,5-D3) -> 2022 | I13: Teapot | L13: Dishwasher | M13: =SUMIFS(Data!E:E,Data!A:A,$D$6,Data!B:B,L13) -> 2657607 | N13: =IF(L13=$J$6,M13,0) -> 0 | P13: Florida | Q13: =SUMIFS(Data!E:E,Data!A:A,Analysis!$D$6,Data!B:B,Analysis!$J$6,Data!C:C,Analysis!P13) -> 119153 | R13: =SUMIFS(Data!D:D,Data!A:A,Analysis!$D$6,Data!B:B,Analysis!$J$6,Data!C:C,Analysis!P13) -> 161673 | S13: =IF($U$8=1,Q13,-R13) -> 119153 | AI13: Teapot | AJ13: =COUNTIFS(Data!B:B,Analysis!AI13) -> 320
F14: % Change | G14: =G11/G12 -> 0.58404968 | I14: Frying pan | L14: Mixing bowl | M14: =SUMIFS(Data!E:E,Data!A:A,$D$6,Data!B:B,L14) -> 2898819 | N14: =IF(L14=$J$6,M14,0) -> 0 | P14: Georgia | Q14: =SUMIFS(Data!E:E,Data!A:A,Analysis!$D$6,Data!B:B,Analysis!$J$6,Data!C:C,Analysis!P14) -> 122951 | R14: =SUMIFS(Data!D:D,Data!A:A,Analysis!$D$6,Data!B:B,Analysis!$J$6,Data!C:C,Analysis!P14) -> 61840 | S14: =IF($U$8=1,Q14,-R14) -> 122951 | AI14: Frying pan | AJ14: =COUNTIFS(Data!B:B,Analysis!AI14) -> 289
F15: Others | G15: =100%-G14 -> 0.41595032 | I15: Mixing bowl | L15: Frying pan | M15: =SUMIFS(Data!E:E,Data!A:A,$D$6,Data!B:B,L15) -> 2763987 | N15: =IF(L15=$J$6,M15,0) -> 0 | P15: Idaho | Q15: =SUMIFS(Data!E:E,Data!A:A,Analysis!$D$6,Data!B:B,Analysis!$J$6,Data!C:C,Analysis!P15) -> 100954 | R15: =SUMIFS(Data!D:D,Data!A:A,Analysis!$D$6,Data!B:B,Analysis!$J$6,Data!C:C,Analysis!P15) -> 17291 | S15: =IF($U$8=1,Q15,-R15) -> 100954 | W15: QTY SOLD TILL DATE | Z15: CURRENT QTY SOLD | AI15: Mixing bowl | AJ15: =COUNTIFS(Data!B:B,Analysis!AI15) -> 305
P16: Illinois | Q16: =SUMIFS(Data!E:E,Data!A:A,Analysis!$D$6,Data!B:B,Analysis!$J$6,Data!C:C,Analysis!P16) -> 119716 | R16: =SUMIFS(Data!D:D,Data!A:A,Analysis!$D$6,Data!B:B,Analysis!$J$6,Data!C:C,Analysis!P16) -> 74786 | S16: =IF($U$8=1,Q16,-R16) -> 119716 | W16: Qty | Z16: Qty
I17: Selected | L17: =L5 -> Products | M17: =M5 -> Revenue | N17: =N5 -> Selection | P17: Indiana | Q17: =SUMIFS(Data!E:E,Data!A:A,Analysis!$D$6,Data!B:B,Analysis!$J$6,Data!C:C,Analysis!P17) -> 113909 | R17: =SUMIFS(Data!D:D,Data!A:A,Analysis!$D$6,Data!B:B,Analysis!$J$6,Data!C:C,Analysis!P17) -> 33146 | S17: =IF($U$8=1,Q17,-R17) -> 113909 | W17: =SUM(Data!D:D) -> 53651701 | Z17: =SUM(R6:R53) -> 4651820
I18: =INDEX(L18:L27,11-J3) -> Teapot | K18: 1 | L18: =INDEX($L$6:$L$15,MATCH(M18,$M$6:$M$15,0)) -> Teapot | M18: =LARGE($M$6:$M$15,K18) -> 6632745 | N18: =IF(L18=$J$6,M18,0) -> 6632745 | P18: Iowa | Q18: =SUMIFS(Data!E:E,Data!A:A,Analysis!$D$6,Data!B:B,Analysis!$J$6,Data!C:C,Analysis!P18) -> 156836 | R18: =SUMIFS(Data!D:D,Data!A:A,Analysis!$D$6,Data!B:B,Analysis!$J$6,Data!C:C,Analysis!P18) -> 38554 | S18: =IF($U$8=1,Q18,-R18) -> 156836 | V18: Switch | W18: =IF(U8=2,W17,"") | X18: =IF(U8=2,"Qty sold till date","") | Z18: =IF(U8=2,Z17,"") | AA18: Switch
K19: 2 | L19: =INDEX($L$6:$L$15,MATCH(M19,$M$6:$M$15,0)) -> Kettle | M19: =LARGE($M$6:$M$15,K19) -> 5278636 | N19: =IF(L19=$J$6,M19,0) -> 0 | P19: Kansas | Q19: =SUMIFS(Data!E:E,Data!A:A,Analysis!$D$6,Data!B:B,Analysis!$J$6,Data!C:C,Analysis!P19) -> 158881 | R19: =SUMIFS(Data!D:D,Data!A:A,Analysis!$D$6,Data!B:B,Analysis!$J$6,Data!C:C,Analysis!P19) -> 30745 | S19: =IF($U$8=1,Q19,-R19) -> 158881 | AA19: =IF(U8=2,"Current Qty sold","")
C20: MEANS OF PURCHASES | I20: Caption | K20: 3 | L20: =INDEX($L$6:$L$15,MATCH(M20,$M$6:$M$15,0)) -> Egg slicer | M20: =LARGE($M$6:$M$15,K20) -> 5263921 | N20: =IF(L20=$J$6,M20,0) -> 0 | P20: Kentucky | Q20: =SUMIFS(Data!E:E,Data!A:A,Analysis!$D$6,Data!B:B,Analysis!$J$6,Data!C:C,Analysis!P20) -> 171337 | R20: =SUMIFS(Data!D:D,Data!A:A,Analysis!$D$6,Data!B:B,Analysis!$J$6,Data!C:C,Analysis!P20) -> 60060 | S20: =IF($U$8=1,Q20,-R20) -> 171337 | W20: REVENUE TILL DATE
C21: Means | D21: Revenue | I21: ="Summary of "&UPPER(I18)&" Revenue in "&C13 -> Summary of TEAPOT Revenue in 2022 | K21: 4 | L21: =INDEX($L$6:$L$15,MATCH(M21,$M$6:$M$15,0)) -> Blender | M21: =LARGE($M$6:$M$15,K21) -> 4780144 | N21: =IF(L21=$J$6,M21,0) -> 0 | P21: Louisiana | Q21: =SUMIFS(Data!E:E,Data!A:A,Analysis!$D$6,Data!B:B,Analysis!$J$6,Data!C:C,Analysis!P21) -> 159276 | R21: =SUMIFS(Data!D:D,Data!A:A,Analysis!$D$6,Data!B:B,Analysis!$J$6,Data!C:C,Analysis!P21) -> 49778 | S21: =IF($U$8=1,Q21,-R21) -> 159276 | W21: Revenue
C22: In Store | D22: =SUMIFS(Data!E:E,Data!A:A,Analysis!$D$6,Data!B:B,Analysis!$J$6,Data!F:F,Analysis!C22) -> 3412325 | E22: =D22/SUM($D$22:$D$23) -> 0.51446648 | I22: =IF(G14>G15,UPPER(J6)& "has the highest Revenue in "&D6& " compared to the previous years (2019, 2020, & 2021)","") -> TEAPOT has the highest Revenue in 2022 compared to the previous years (2019, 2020, & 2021) | K22: 5 | L22: =INDEX($L$6:$L$15,MATCH(M22,$M$6:$M$15,0)) -> Breadbox | M22: =LARGE($M$6:$M$15,K22) -> 4609952 | N22: =IF(L22=$J$6,M22,0) -> 0 | P22: Maine | Q22: =SUMIFS(Data!E:E,Data!A:A,Analysis!$D$6,Data!B:B,Analysis!$J$6,Data!C:C,Analysis!P22) -> 174820 | R22: =SUMIFS(Data!D:D,Data!A:A,Analysis!$D$6,Data!B:B,Analysis!$J$6,Data!C:C,Analysis!P22) -> 16656 | S22: =IF($U$8=1,Q22,-R22) -> 174820 | W22: =SUM(Data!E:E) -> 159383368
C23: Online | D23: =SUMIFS(Data!E:E,Data!A:A,Analysis!$D$6,Data!B:B,Analysis!$J$6,Data!F:F,Analysis!C23) -> 3220420 | E23: =D23/SUM($D$22:$D$23) -> 0.48553352 | K23: 6 | L23: =INDEX($L$6:$L$15,MATCH(M23,$M$6:$M$15,0)) -> Microwave oven | M23: =LARGE($M$6:$M$15,K23) -> 3572538 | N23: =IF(L23=$J$6,M23,0) -> 0 | P23: Maryland | Q23: =SUMIFS(Data!E:E,Data!A:A,Analysis!$D$6,Data!B:B,Analysis!$J$6,Data!C:C,Analysis!P23) -> 193184 | R23: =SUMIFS(Data!D:D,Data!A:A,Analysis!$D$6,Data!B:B,Analysis!$J$6,Data!C:C,Analysis!P23) -> 64429 | S23: =IF($U$8=1,Q23,-R23) -> 193184 | V23: Switch | W23: =IF(U8=1,W22,"") -> 159383368 | X23: =IF(U8=1,"Revenue till date","") -> Revenue till date
K24: 7 | L24: =INDEX($L$6:$L$15,MATCH(M24,$M$6:$M$15,0)) -> Toaster | M24: =LARGE($M$6:$M$15,K24) -> 3355051 | N24: =IF(L24=$J$6,M24,0) -> 0 | P24: Massachusetts | Q24: =SUMIFS(Data!E:E,Data!A:A,Analysis!$D$6,Data!B:B,Analysis!$J$6,Data!C:C,Analysis!P24) -> 136442 | R24: =SUMIFS(Data!D:D,Data!A:A,Analysis!$D$6,Data!B:B,Analysis!$J$6,Data!C:C,Analysis!P24) -> 140031 | S24: =IF($U$8=1,Q24,-R24) -> 136442
K25: 8 | L25: =INDEX($L$6:$L$15,MATCH(M25,$M$6:$M$15,0)) -> Mixing bowl | M25: =LARGE($M$6:$M$15,K25) -> 2898819 | N25: =IF(L25=$J$6,M25,0) -> 0 | P25: Michigan | Q25: =SUMIFS(Data!E:E,Data!A:A,Analysis!$D$6,Data!B:B,Analysis!$J$6,Data!C:C,Analysis!P25) -> 117008 | R25: =SUMIFS(Data!D:D,Data!A:A,Analysis!$D$6,Data!B:B,Analysis!$J$6,Data!C:C,Analysis!P25) -> 58322 | S25: =IF($U$8=1,Q25,-R25) -> 117008
K26: 9 | L26: =INDEX($L$6:$L$15,MATCH(M26,$M$6:$M$15,0)) -> Frying pan | M26: =LARGE($M$6:$M$15,K26) -> 2763987 | N26: =IF(L26=$J$6,M26,0) -> 0 | P26: Minnesota | Q26: =SUMIFS(Data!E:E,Data!A:A,Analysis!$D$6,Data!B:B,Analysis!$J$6,Data!C:C,Analysis!P26) -> 119783 | R26: =SUMIFS(Data!D:D,Data!A:A,Analysis!$D$6,Data!B:B,Analysis!$J$6,Data!C:C,Analysis!P26) -> 43713 | S26: =IF($U$8=1,Q26,-R26) -> 119783
K27: 10 | L27: =INDEX($L$6:$L$15,MATCH(M27,$M$6:$M$15,0)) -> Dishwasher | M27: =LARGE($M$6:$M$15,K27) -> 2657607 | N27: =IF(L27=$J$6,M27,0) -> 0 | P27: Mississippi | Q27: =SUMIFS(Data!E:E,Data!A:A,Analysis!$D$6,Data!B:B,Analysis!$J$6,Data!C:C,Analysis!P27) -> 100290 | R27: =SUMIFS(Data!D:D,Data!A:A,Analysis!$D$6,Data!B:B,Analysis!$J$6,Data!C:C,Analysis!P27) -> 15250 | S27: =IF($U$8=1,Q27,-R27) -> 100290
P28: Missouri | Q28: =SUMIFS(Data!E:E,Data!A:A,Analysis!$D$6,Data!B:B,Analysis!$J$6,Data!C:C,Analysis!P28) -> 110022 | R28: =SUMIFS(Data!D:D,Data!A:A,Analysis!$D$6,Data!B:B,Analysis!$J$6,Data!C:C,Analysis!P28) -> 108212 | S28: =IF($U$8=1,Q28,-R28) -> 110022
P29: Montana | Q29: =SUMIFS(Data!E:E,Data!A:A,Analysis!$D$6,Data!B:B,Analysis!$J$6,Data!C:C,Analysis!P29) -> 113870 | R29: =SUMIFS(Data!D:D,Data!A:A,Analysis!$D$6,Data!B:B,Analysis!$J$6,Data!C:C,Analysis!P29) -> 9946 | S29: =IF($U$8=1,Q29,-R29) -> 113870
P30: Nebraska | Q30: =SUMIFS(Data!E:E,Data!A:A,Analysis!$D$6,Data!B:B,Analysis!$J$6,Data!C:C,Analysis!P30) -> 112475 | R30: =SUMIFS(Data!D:D,Data!A:A,Analysis!$D$6,Data!B:B,Analysis!$J$6,Data!C:C,Analysis!P30) -> 22081 | S30: =IF($U$8=1,Q30,-R30) -> 112475
P31: Nevada | Q31: =SUMIFS(Data!E:E,Data!A:A,Analysis!$D$6,Data!B:B,Analysis!$J$6,Data!C:C,Analysis!P31) -> 124855 | R31: =SUMIFS(Data!D:D,Data!A:A,Analysis!$D$6,Data!B:B,Analysis!$J$6,Data!C:C,Analysis!P31) -> 18060 | S31: =IF($U$8=1,Q31,-R31) -> 124855
P32: New Hampshire | Q32: =SUMIFS(Data!E:E,Data!A:A,Analysis!$D$6,Data!B:B,Analysis!$J$6,Data!C:C,Analysis!P32) -> 134038 | R32: =SUMIFS(Data!D:D,Data!A:A,Analysis!$D$6,Data!B:B,Analysis!$J$6,Data!C:C,Analysis!P32) -> 9673 | S32: =IF($U$8=1,Q32,-R32) -> 134038
P33: New Jersey | Q33: =SUMIFS(Data!E:E,Data!A:A,Analysis!$D$6,Data!B:B,Analysis!$J$6,Data!C:C,Analysis!P33) -> 127168 | R33: =SUMIFS(Data!D:D,Data!A:A,Analysis!$D$6,Data!B:B,Analysis!$J$6,Data!C:C,Analysis!P33) -> 84255 | S33: =IF($U$8=1,Q33,-R33) -> 127168
P34: New Mexico | Q34: =SUMIFS(Data!E:E,Data!A:A,Analysis!$D$6,Data!B:B,Analysis!$J$6,Data!C:C,Analysis!P34) -> 100043 | R34: =SUMIFS(Data!D:D,Data!A:A,Analysis!$D$6,Data!B:B,Analysis!$J$6,Data!C:C,Analysis!P34) -> 22422 | S34: =IF($U$8=1,Q34,-R34) -> 100043
P35: New York | Q35: =SUMIFS(Data!E:E,Data!A:A,Analysis!$D$6,Data!B:B,Analysis!$J$6,Data!C:C,Analysis!P35) -> 125574 | R35: =SUMIFS(Data!D:D,Data!A:A,Analysis!$D$6,Data!B:B,Analysis!$J$6,Data!C:C,Analysis!P35) -> 135095 | S35: =IF($U$8=1,Q35,-R35) -> 125574
P36: North Carolina | Q36: =SUMIFS(Data!E:E,Data!A:A,Analysis!$D$6,Data!B:B,Analysis!$J$6,Data!C:C,Analysis!P36) -> 115375 | R36: =SUMIFS(Data!D:D,Data!A:A,Analysis!$D$6,Data!B:B,Analysis!$J$6,Data!C:C,Analysis!P36) -> 57713 | S36: =IF($U$8=1,Q36,-R36) -> 115375
P37: North Dakota | Q37: =SUMIFS(Data!E:E,Data!A:A,Analysis!$D$6,Data!B:B,Analysis!$J$6,Data!C:C,Analysis!P37) -> 119819 | R37: =SUMIFS(Data!D:D,Data!A:A,Analysis!$D$6,Data!B:B,Analysis!$J$6,Data!C:C,Analysis!P37) -> 5318 | S37: =IF($U$8=1,Q37,-R37) -> 119819
P38: Ohio | Q38: =SUMIFS(Data!E:E,Data!A:A,Analysis!$D$6,Data!B:B,Analysis!$J$6,Data!C:C,Analysis!P38) -> 111257 | R38: =SUMIFS(Data!D:D,Data!A:A,Analysis!$D$6,Data!B:B,Analysis!$J$6,Data!C:C,Analysis!P38) -> 71455 | S38: =IF($U$8=1,Q38,-R38) -> 111257
P39: Oklahoma | Q39: =SUMIFS(Data!E:E,Data!A:A,Analysis!$D$6,Data!B:B,Analysis!$J$6,Data!C:C,Analysis!P39) -> 107936 | R39: =SUMIFS(Data!D:D,Data!A:A,Analysis!$D$6,Data!B:B,Analysis!$J$6,Data!C:C,Analysis!P39) -> 27001 | S39: =IF($U$8=1,Q39,-R39) -> 107936
... P53: Wyoming | Q53: =SUMIFS(Data!E:E,Data!A:A,Analysis!$D$6,Data!B:B,Analysis!$J$6,Data!C:C,Analysis!P53) -> 102417 | R53: =SUMIFS(Data!D:D,Data!A:A,Analysis!$D$6,Data!B:B,Analysis!$J$6,Data!C:C,Analysis!P53) -> 6869 | S53: =IF($U$8=1,Q53,-R53) -> 102417

Sheet Dashboard
